{
  "name": "Matrix factorization",
  "factors": 12,
  "epochs": 12,
  "lr": 0.015,
  "reg": 0.045,
  "seed": 42,
  "global_mean": 3.876543209876543,
  "user_bias": [
    -0.008556532240755428,
    0.25565608135850554,
    0.42118692642767713,
    0.17230083008560632,
    -0.20686707094839413,
    0.07266900669879636,
    -0.18818192533615774,
    0.05526274343310128,
    -0.1809013980956947,
    0.055829204172160925
  ],
  "item_bias": [
    -0.07685068809974835,
    0.23320330959082894,
    0.06913247002248406,
    0.014358643757420565,
    0.19194655408702774,
    0.29669538141316937,
    0.05858265894059517,
    0.13469649008770176,
    0.1833536698114803,
    0.29569994344590084,
    -0.10650562689659883,
    0.038358333360708916,
    0.07425436375316634,
    0.06101164357503254,
    -0.6813622388706139,
    -1.187520483640281,
    0.21006704079978547,
    0.23684932031801542,
    0.2853524268706098,
    0.16443288129520334
  ],
  "user_factors": [
    [
      -0.019845848467216955,
      -0.019014513868311045,
      0.010486976527596344,
      0.026220699370452398,
      -0.04662723107451974,
      -0.00735568078745119,
      0.025446016373220734,
      -0.009246909623873601,
      -0.013713680627912724,
      -0.048303485898232884,
      0.00800369690276146,
      0.0047074065943480525
    ],
    [
      -0.032623759715206375,
      0.0422566807661559,
      0.014247608352924506,
      -0.019616352828262025,
      0.006557530984035076,
      -0.014811753085085583,
      0.02760463678430554,
      0.007063989503201782,
      -0.003290850820463785,
      -0.026853442522214666,
      0.013565966957381877,
      -0.008752022747540876
    ],
    [
      0.004639415157289273,
      -0.0074037329362609955,
      -0.0007339010628051961,
      0.0035369407906461767,
      0.002639626724681942,
      0.008140136189447372,
      0.04697943603720449,
      -0.016294826862055762,
      -0.015282095335756155,
      -0.006066677952048736,
      0.019514169663459365,
      0.03234953679755457
    ],
    [
      0.0016863023672857409,
      -0.02010988964545413,
      -0.005510361488459542,
      0.023683540725126944,
      0.006276296434077199,
      0.027844255226736718,
      -0.018791941155509057,
      0.01249191979772114,
      -0.00804503416879435,
      0.00706074634487214,
      0.037726111934319614,
      0.012923256455158183
    ],
    [
      0.050790215373223035,
      -0.014703666156191664,
      0.0050841531371869034,
      0.005453071951157514,
      -0.043904413929377786,
      -0.0009454303527994799,
      -0.025044027369786528,
      -0.007538164339405654,
      -0.0023953261868738204,
      0.05360370547279638,
      0.0012563194971269127,
      0.036814285573728
    ],
    [
      -0.03887409884487596,
      0.0023537884446802873,
      -0.005459216737462564,
      0.015321368007379484,
      0.019663823786937824,
      0.0006743978093468975,
      0.0013810191591832706,
      -0.01162884200188904,
      0.022925823127626567,
      -0.019488780354847923,
      -0.044435868386887886,
      -0.041083756169932255
    ],
    [
      0.0049393710989935995,
      0.0006445081297473043,
      0.014520761650778518,
      0.01199539337122563,
      -0.030924240772774635,
      0.01770510326298111,
      0.01852497132032914,
      0.007069768842100022,
      0.01908363276581828,
      0.00037170402097837577,
      0.015192608027095957,
      -0.006653134121260161
    ],
    [
      -0.06437307911827858,
      0.02922061079409245,
      -0.016832891853660433,
      0.0011469525978794349,
      0.019056340846690382,
      0.024016635812408454,
      0.015445215900447465,
      -0.024153043657133305,
      -0.021060920428255366,
      -0.01690379263761877,
      -0.05171637412451173,
      -0.031904302364615236
    ],
    [
      -0.039520412374819104,
      -0.019454655128610138,
      0.010535813449371973,
      -0.010399742712518966,
      -0.025035621164961285,
      0.05027851536945524,
      -0.0045036152283489585,
      -0.009456150669327687,
      -0.03826027380691088,
      -0.02167867043632941,
      -0.015739530950877243,
      -0.002910480660397196
    ],
    [
      0.0065972508855562245,
      -0.017492037008998436,
      -0.019980072810110078,
      0.00333255575079312,
      -0.010642080585192795,
      -0.02603393351766259,
      0.009450279000139557,
      -0.03782571278448441,
      0.002110163312084361,
      -0.016753633352145546,
      0.015543921558112246,
      -0.015659079278031566
    ]
  ],